{
  "train_loss": [
    0.17313213578209974,
    0.09493096627226831,
    0.05536332295467341,
    0.06302747030869331,
    0.05361877083227652,
    0.051015609626345854,
    0.034808467122942825,
    0.03243280791824068,
    0.023506578583246052,
    0.03159186805558117
  ],
  "val_loss": [
    0.3764650523593835,
    0.3011513922459745,
    0.6382941141917037,
    0.7596773669841902,
    0.45452176745486106,
    0.5996611675116958,
    0.49698940940146297,
    0.620070987274506,
    0.4989628673477848,
    0.5429774021671404
  ],
  "val_auc": [
    0.9654063360881544,
    0.9639187327823693,
    0.9612603305785125,
    0.9614600550964186,
    0.97017217630854,
    0.9673415977961433,
    0.9674655647382921,
    0.9650964187327824,
    0.9679338842975207,
    0.9656473829201101
  ]
}